player,runs,boundaries,balls_faced,wickets,balls_bowled,runs_conceded,matches,batting_avg,batting_strike_rate,boundaries_percent,bowling_economy,bowling_avg,bowling_strike_rate,catches,Nationality
A Ashish Reddy,280,31,196,18,270,400,28,10,142.86,15.82,8.89,22.22,15,8,Indian
A Badoni,161,18,139,2,12,12,11,14.64,115.83,12.95,6,6,6,8,Indian
A Chandila,4,0,7,11,234,245,12,0.33,57.14,0,6.28,22.27,21.27,2,Overseas
A Chopra,53,7,75,0,0,0,6,8.83,70.67,9.33,0,0,0,2,Indian
A Choudhary,25,2,20,5,108,144,5,5,125,10,8,28.8,21.6,0,Indian
A Dananjaya,4,0,5,0,25,47,1,4,80,0,11.28,470000,250000,0,Overseas
A Flintoff,62,7,57,2,66,106,3,20.67,108.77,12.28,9.64,53,33,3,Overseas
A Kumble,35,3,49,45,983,1089,42,0.83,71.43,6.12,6.65,24.2,21.84,9,Indian
A Manohar,108,17,79,0,0,0,7,15.43,136.71,21.52,0,0,0,4,Indian
A Mishra,362,34,410,166,3317,4022,154,2.35,88.29,8.29,7.28,24.23,19.98,18,Indian
A Mithun,34,5,26,7,312,477,16,2.12,130.77,19.23,9.17,68.14,44.57,7,Indian
A Mukund,19,1,23,0,0,0,2,9.5,82.61,4.35,0,0,0,3,Indian
A Nehra,41,4,63,106,1974,2537,88,0.47,65.08,6.35,7.71,23.93,18.62,17,Indian
A Nortje,8,0,13,43,706,946,30,0.27,61.54,0,8.04,22,16.42,7,Overseas
A Singh,2,0,10,28,486,639,23,0.09,20,0,7.89,22.82,17.36,1,Indian
A Symonds,974,115,781,20,540,694,36,27.06,124.71,14.72,7.71,34.7,27,20,Overseas
A Tomar,4,1,8,0,0,0,1,4,50,12.5,0,0,0,0,Overseas
A Uniyal,4,0,7,2,38,67,2,2,57.14,0,10.58,33.5,19,0,Overseas
A Zampa,5,1,8,21,292,373,14,0.36,62.5,12.5,7.66,17.76,13.9,1,Overseas
AA Bilakhia,69,5,88,0,0,0,7,9.86,78.41,5.68,0,0,0,1,Overseas
AA Chavan,12,2,11,8,255,339,13,0.92,109.09,18.18,7.98,42.37,31.87,3,Indian
AA Jhunjhunwala,217,24,218,1,88,130,18,12.06,99.54,11.01,8.86,129.99,87.99,10,Overseas
AA Noffke,9,1,12,1,25,41,1,9,75,8.33,9.84,41,25,0,Overseas
AB Agarkar,179,18,160,29,820,1174,42,4.26,111.87,11.25,8.59,40.48,28.28,4,Indian
AB Barath,42,6,43,0,0,0,3,14,97.67,13.95,0,0,0,0,Indian
AB Dinda,26,2,50,69,1589,2103,76,0.34,52,4,7.94,30.48,23.03,7,Indian
AB McDonald,123,13,103,11,188,263,10,12.3,119.42,12.62,8.39,23.91,17.09,0,Overseas
AB de Villiers,5181,667,3487,0,0,0,170,30.48,148.58,19.13,0,0,0,120,Overseas
AC Blizzard,120,23,91,0,0,0,7,17.14,131.87,25.27,0,0,0,4,Overseas
AC Gilchrist,2069,331,1555,1,1,0,80,25.86,133.05,21.29,0,0,1,51,Overseas
AC Thomas,20,2,19,14,327,416,15,1.33,105.26,10.53,7.63,29.71,23.36,3,Overseas
AC Voges,181,18,143,0,56,76,8,22.62,126.57,12.59,8.14,760000,560000,1,Overseas
AD Hales,148,19,119,0,0,0,6,24.67,124.37,15.97,0,0,0,2,Overseas
AD Mascarenhas,79,6,79,19,310,365,13,6.08,100,7.59,7.06,19.21,16.32,2,Overseas
AD Mathews,724,73,599,27,807,1095,46,15.74,120.87,12.19,8.14,40.56,29.89,19,Overseas
AD Nath,90,9,99,0,0,0,10,9,90.91,9.09,0,0,0,2,Indian
AD Russell,2039,313,1212,89,1484,2214,95,21.46,168.23,25.83,8.95,24.88,16.67,23,Overseas
AF Milne,23,1,31,7,217,339,10,2.3,74.19,3.23,9.37,48.43,31,7,Overseas
AG Murtaza,10,1,14,9,269,322,12,0.83,71.43,7.14,7.18,35.78,29.89,3,Overseas
AG Paunikar,49,9,61,0,0,0,5,9.8,80.33,14.75,0,0,0,1,Indian
AJ Finch,2092,292,1696,1,44,67,90,23.24,123.35,17.22,9.14,66.99,44,29,Overseas
AJ Turner,3,0,11,0,0,0,4,0.75,27.27,0,0,0,0,0,Overseas
AJ Tye,91,11,79,42,714,1005,30,3.03,115.19,13.92,8.45,23.93,17,7,Overseas
AK Markram,527,60,400,1,61,87,19,27.74,131.75,15,8.56,86.99,60.99,9,Overseas
AL Menaria,401,42,367,3,113,144,25,16.04,109.26,11.44,7.65,48,37.67,4,Indian
AM Nayar,672,75,588,9,239,323,51,13.18,114.29,12.76,8.11,35.89,26.56,13,Indian
AM Rahane,4074,511,3465,1,6,5,148,27.53,117.58,14.75,5,5,6,63,Indian
AN Ahmed,36,5,27,12,362,515,17,2.12,133.33,18.52,8.54,42.92,30.17,2,Indian
AN Ghosh,7,1,8,0,0,0,2,3.5,87.5,12.5,0,0,0,1,Indian
AP Dole,34,4,23,5,73,114,3,11.33,147.83,17.39,9.37,22.8,14.6,2,Indian
AP Majumdar,87,9,77,0,0,0,4,21.75,112.99,11.69,0,0,0,0,Indian
AP Tare,339,51,285,0,0,0,27,12.56,118.95,17.89,0,0,0,3,Indian
AR Bawne,12,1,12,0,0,0,1,12,100,8.33,0,0,0,0,Indian
AR Patel,1135,121,919,101,2599,3140,122,9.3,123.5,13.17,7.25,31.09,25.73,51,Indian
AS Joseph,20,2,20,13,240,358,12,1.67,100,10,8.95,27.54,18.46,1,Overseas
AS Rajpoot,26,3,41,24,567,844,29,0.9,63.41,7.32,8.93,35.17,23.62,3,Indian
AS Raut,194,20,172,0,30,45,17,11.41,112.79,11.63,9,450000,300000,10,Indian
AS Roy,0,0,2,2,57,66,3,0,0,0,6.95,33,28.5,5,Indian
AS Yadav,49,7,40,0,0,0,6,8.17,122.5,17.5,0,0,0,1,Indian
AT Carey,32,1,29,0,0,0,3,10.67,110.34,3.45,0,0,0,2,Overseas
AT Rayudu,4190,513,3375,0,0,0,173,24.22,124.15,15.2,0,0,0,62,Indian
AUK Pathan,39,7,26,0,41,63,7,5.57,150,26.92,9.22,630000,410000,2,Indian
Abdul Samad,228,26,164,2,55,113,19,12,139.02,15.85,12.33,56.5,27.5,14,Indian
Abdur Razzak,0,0,2,0,14,29,1,0,0,0,12.43,290000,140000,0,Overseas
Abhishek Sharma,667,89,511,7,161,218,36,18.53,130.53,17.42,8.12,31.14,23,6,Indian
Akash Deep,0,0,2,5,119,206,5,0,0,0,10.39,41.2,23.8,1,Indian
Aman Hakim Khan,5,1,3,0,6,13,1,5,166.67,33.33,13,130000,60000,0,Indian
Anirudh Singh,63,7,69,0,0,0,4,15.75,91.3,10.14,0,0,0,3,Indian
Ankit Sharma,87,11,69,12,375,453,21,4.14,126.09,15.94,7.25,37.75,31.25,4,Indian
Ankit Soni,7,1,9,2,112,145,6,1.17,77.78,11.11,7.77,72.5,56,1,Indian
Anmolpreet Singh,29,4,27,0,0,0,3,9.67,107.41,14.81,0,0,0,1,Indian
Anuj Rawat,129,17,124,0,0,0,9,14.33,104.03,13.71,0,0,0,10,Indian
Anureet Singh,36,3,47,18,430,636,22,1.64,76.6,6.38,8.87,35.33,23.89,5,Indian
Arshdeep Singh,23,3,36,40,803,1086,37,0.62,63.89,8.33,8.11,27.15,20.07,6,Indian
Avesh Khan,31,5,19,47,868,1190,38,0.82,163.16,26.32,8.23,25.32,18.47,6,Indian
Azhar Mahmood,388,52,311,29,552,707,23,16.87,124.76,16.72,7.68,24.38,19.03,7,Overseas
B Akhil,76,10,57,6,193,246,15,5.07,133.33,17.54,7.65,41,32.17,3,Indian
B Chipli,280,35,256,0,6,20,21,13.33,109.38,13.67,20,200000,60000,4,Indian
B Indrajith,21,2,31,0,0,0,3,7,67.74,6.45,0,0,0,1,Indian
B Kumar,241,26,259,154,3384,4064,146,1.65,93.05,10.04,7.21,26.39,21.97,24,Indian
B Laughlin,5,0,13,10,179,284,9,0.56,38.46,0,9.52,28.4,17.9,1,Overseas
B Lee,124,16,102,25,916,1126,38,3.26,121.57,15.69,7.38,45.04,36.64,8,Overseas
B Sai Sudharsan,145,17,118,0,0,0,5,29,122.88,14.41,0,0,0,1,Indian
B Stanlake,5,1,2,7,150,200,6,0.83,250,50,8,28.57,21.43,1,Overseas
B Sumanth,35,3,38,0,0,0,4,8.75,92.11,7.89,0,0,0,4,Indian
BA Bhatt,6,1,7,12,303,408,15,0.4,85.71,14.29,8.08,34,25.25,0,Indian
BA Stokes,920,111,703,28,717,1005,43,21.4,130.87,15.79,8.41,35.89,25.61,21,Overseas
BAW Mendis,3,0,6,8,248,306,10,0.3,50,0,7.4,38.25,31,1,Overseas
BB McCullum,2882,423,2272,0,0,0,109,26.44,126.85,18.62,0,0,0,38,Overseas
BB Samantray,125,15,116,0,0,0,8,15.62,107.76,12.93,0,0,0,3,Indian
BB Sran,10,0,14,18,516,767,24,0.42,71.43,0,8.92,42.61,28.67,4,Indian
BCJ Cutting,238,34,146,10,288,430,21,11.33,163.01,23.29,8.96,43,28.8,10,Overseas
BE Hendricks,1,0,3,9,157,239,7,0.14,33.33,0,9.13,26.56,17.44,3,Overseas
BJ Haddin,18,3,11,0,0,0,1,18,163.64,27.27,0,0,0,0,Overseas
BJ Hodge,1400,165,1153,17,238,310,63,22.22,121.42,14.31,7.82,18.24,14,22,Overseas
BJ Rohrer,193,26,146,0,7,12,8,24.12,132.19,17.81,10.29,120000,70000,3,Overseas
BMAJ Mendis,23,0,27,1,30,36,3,7.67,85.19,0,7.2,36,30,2,Overseas
BR Dunk,40,7,36,0,0,0,3,13.33,111.11,19.44,0,0,0,4,Overseas
Basil Thampi,32,2,37,22,539,862,25,1.28,86.49,5.41,9.6,39.18,24.5,4,Indian
Bipul Sharma,187,20,124,17,436,581,29,6.45,150.81,16.13,8,34.18,25.65,7,Indian
C Madan,15,3,21,0,0,0,1,15,71.43,14.29,0,0,0,0,Indian
C Munro,177,27,144,0,12,15,12,14.75,122.92,18.75,7.5,150000,120000,4,Overseas
C Nanda,0,0,1,2,50,58,3,0,0,0,6.96,29,25,0,Indian
C Sakariya,16,2,25,17,405,521,17,0.94,64,8,7.72,30.65,23.82,6,Indian
C de Grandhomme,303,36,229,6,230,323,25,12.12,132.31,15.72,8.43,53.83,38.33,6,Overseas
CA Ingram,205,27,183,0,0,0,15,13.67,112.02,14.75,0,0,0,1,Overseas
CA Lynn,1329,198,974,0,0,0,42,31.64,136.45,20.33,0,0,0,12,Overseas
CA Pujara,390,54,403,0,0,0,22,17.73,96.77,13.4,0,0,0,6,Indian
CH Gayle,4997,767,3516,18,584,755,141,35.44,142.12,21.81,7.76,41.94,32.44,30,Overseas
CH Morris,618,76,413,96,1801,2377,81,7.63,149.64,18.4,7.92,24.76,18.76,36,Overseas
CJ Anderson,538,71,436,11,315,525,30,17.93,123.39,16.28,10,47.73,28.64,11,Overseas
CJ Ferguson,98,9,119,0,0,0,8,12.25,82.35,7.56,0,0,0,2,Overseas
CJ Jordan,75,6,68,27,577,870,28,2.68,110.29,8.82,9.05,32.22,21.37,13,Overseas
CJ McKay,8,0,15,1,42,60,2,4,53.33,0,8.57,59.99,42,0,Overseas
CK Kapugedera,16,0,24,0,17,49,4,4,66.67,0,17.29,490000,170000,4,Overseas
CK Langeveldt,8,1,9,13,165,199,7,1.14,88.89,11.11,7.24,15.31,12.69,0,Overseas
CL White,971,114,774,1,46,86,45,21.58,125.45,14.73,11.22,85.99,46,22,Overseas
CM Gautam,169,23,158,0,0,0,13,13,106.96,14.56,0,0,0,3,Indian
CR Brathwaite,181,26,120,13,266,384,16,11.31,150.83,21.67,8.66,29.54,20.46,6,Overseas
CR Woakes,78,9,77,30,463,674,21,3.71,101.3,11.69,8.73,22.47,15.43,6,Overseas
CRD Fernando,4,0,3,17,249,306,10,0.4,133.33,0,7.37,18,14.65,2,Overseas
CV Varun,24,2,38,42,992,1186,42,0.57,63.16,5.26,7.17,28.24,23.62,5,Indian
D Brevis,161,25,116,1,3,8,7,23,138.79,21.55,16,8,3,3,Overseas
D Kalyankrishna,3,0,8,2,50,88,3,1,37.5,0,10.56,44,25,1,Indian
D Padikkal,1260,172,1057,0,0,0,46,27.39,119.21,16.27,0,0,0,20,Indian
D Pretorius,44,6,28,6,138,213,6,7.33,157.14,21.43,9.26,35.5,23,2,Overseas
D Salunkhe,33,5,24,1,51,80,5,6.6,137.5,20.83,9.41,79.99,50.99,2,Indian
D Wiese,127,16,94,16,289,409,15,8.47,135.11,17.02,8.49,25.56,18.06,5,Overseas
D du Preez,10,0,13,4,43,56,2,5,76.92,0,7.81,14,10.75,0,Overseas
DA Miller,2455,282,1838,0,0,0,101,24.31,133.57,15.34,0,0,0,64,Overseas
DA Warner,5883,793,4313,0,2,2,162,36.31,136.4,18.39,6,20000,20000,76,Overseas
DAJ Bracewell,12,1,9,3,25,32,1,12,133.33,11.11,7.68,10.67,8.33,1,Overseas
DB Das,304,39,267,0,0,0,22,13.82,113.86,14.61,0,0,0,7,Indian
DB Ravi Teja,375,44,325,1,18,28,25,15,115.38,13.54,9.33,28,18,11,Indian
DE Bollinger,21,2,23,37,600,716,27,0.78,91.3,8.7,7.16,19.35,16.22,6,Overseas
DH Yagnik,170,25,142,0,0,0,17,10,119.72,17.61,0,0,0,12,Indian
DJ Bravo,1560,186,1247,183,3296,4436,160,9.75,125.1,14.92,8.08,24.24,18.01,69,Overseas
DJ Harris,111,16,103,0,18,26,4,27.75,107.77,15.53,8.67,260000,180000,5,Overseas
DJ Hooda,1237,133,970,10,359,505,80,15.46,127.53,13.71,8.44,50.5,35.9,42,Indian
DJ Hussey,1322,150,1101,8,323,485,61,21.67,120.07,13.62,9.01,60.62,40.37,25,Overseas
DJ Jacobs,92,14,101,0,0,0,7,13.14,91.09,13.86,0,0,0,3,Overseas
DJ Malan,26,2,26,0,0,0,1,26,100,7.69,0,0,0,1,Overseas
DJ Mitchell,33,1,46,0,13,27,2,16.5,71.74,2.17,12.46,270000,130000,2,Overseas
DJ Muthuswami,1,0,3,4,84,108,6,0.17,33.33,0,7.71,27,21,0,Overseas
DJ Thornely,39,4,54,3,44,40,5,7.8,72.22,7.41,5.45,13.33,14.67,2,Overseas
DJ Willey,18,3,32,3,127,171,7,2.57,56.25,9.38,8.08,57,42.33,3,Overseas
DJG Sammy,295,33,251,11,244,354,22,13.41,117.53,13.15,8.7,32.18,22.18,9,Overseas
DJM Short,115,16,102,1,18,23,7,16.43,112.75,15.69,7.67,23,18,2,Overseas
DL Chahar,79,8,59,59,1385,1739,63,1.25,133.9,13.56,7.53,29.47,23.47,10,Indian
DL Vettori,121,13,118,28,785,894,34,3.56,102.54,11.02,6.83,31.93,28.04,11,Overseas
DM Bravo,6,1,5,0,0,0,1,6,120,20,0,0,0,0,Overseas
DNT Zoysa,11,1,9,2,69,100,3,3.67,122.22,11.11,8.7,50,34.5,0,Overseas
DP Conway,252,35,176,0,0,0,7,36,143.18,19.89,0,0,0,2,Overseas
DP Nannes,4,0,13,28,689,815,29,0.14,30.77,0,7.1,29.11,24.61,8,Overseas
DP Vijaykumar,1,0,1,4,159,205,9,0.11,100,0,7.74,51.25,39.75,0,Indian
DPMD Jayawardene,1808,240,1522,0,0,0,78,23.18,118.79,15.77,0,0,0,33,Overseas
DR Martyn,19,1,26,0,0,0,1,19,73.08,3.85,0,0,0,0,Overseas
DR Sams,44,4,48,14,389,528,16,2.75,91.67,8.33,8.14,37.71,27.79,10,Overseas
DR Shorey,13,1,20,0,0,0,2,6.5,65,5,0,0,0,6,Indian
DR Smith,2385,362,1803,26,557,825,91,26.21,132.28,20.08,8.89,31.73,21.42,41,Indian
DS Kulkarni,104,9,113,86,1876,2513,92,1.13,92.04,7.96,8.04,29.22,21.81,18,Indian
DS Lehmann,18,3,19,0,0,0,2,9,94.74,15.79,0,0,0,0,Overseas
DT Christian,460,42,408,38,922,1218,49,9.39,112.75,10.29,7.93,32.05,24.26,28,Overseas
DT Patil,13,1,13,0,0,0,2,6.5,100,7.69,0,0,0,2,Indian
DW Steyn,167,17,163,97,2282,2583,95,1.76,102.45,10.43,6.79,26.63,23.53,22,Overseas
E Lewis,654,98,499,0,0,0,26,25.15,131.06,19.64,0,0,0,9,Overseas
EJG Morgan,1406,176,1181,0,0,0,74,19,119.05,14.9,0,0,0,36,Overseas
ER Dwivedi,24,4,15,0,0,0,2,12,160,26.67,0,0,0,2,Indian
F Behardien,14,2,13,0,0,0,3,4.67,107.69,15.38,0,0,0,1,Overseas
F du Plessis,3403,424,2676,0,6,16,109,31.22,127.17,15.84,16,160000,60000,71,Overseas
FA Allen,14,1,19,2,91,136,5,2.8,73.68,5.26,8.97,68,45.5,2,Overseas
FH Edwards,4,0,5,5,150,160,6,0.67,80,0,6.4,32,30,0,Overseas
FY Fazal,183,23,179,0,12,20,12,15.25,102.23,12.85,10,200000,120000,7,Indian
Fazalhaq Farooqi,2,0,8,2,76,110,3,0.67,25,0,8.68,55,38,0,Overseas
G Gambhir,4217,551,3524,0,0,0,151,27.93,119.67,15.64,0,0,0,28,Indian
GB Hogg,22,1,22,23,466,585,21,1.05,100,4.55,7.53,25.43,20.26,4,Overseas
GC Smith,739,103,691,0,0,0,29,25.48,106.95,14.91,0,0,0,7,Overseas
GC Viljoen,3,0,7,7,146,229,6,0.5,42.86,0,9.41,32.71,20.86,0,Overseas
GD McGrath,4,1,5,12,329,366,14,0.29,80,20,6.67,30.5,27.42,2,Overseas
GD Phillips,26,3,33,1,13,20,3,8.67,78.79,9.09,9.23,20,13,1,Overseas
GH Vihari,284,24,331,1,43,48,23,12.35,85.8,7.25,6.7,48,43,6,Indian
GHS Garton,2,0,4,3,97,136,5,0.4,50,0,8.41,45.33,32.33,1,Overseas
GJ Bailey,663,78,552,0,0,0,36,18.42,120.11,14.13,0,0,0,12,Overseas
GJ Maxwell,2320,325,1571,28,803,1087,109,21.28,147.68,20.69,8.12,38.82,28.68,40,Overseas
GR Napier,15,1,16,1,24,28,1,15,93.75,6.25,7,28,24,0,Overseas
Gurkeerat Singh,511,66,436,5,82,97,32,15.97,117.2,15.14,7.1,19.4,16.4,20,Indian
H Das,2,0,5,0,0,0,1,2,40,0,0,0,0,0,Indian
H Klaasen,66,6,58,0,0,0,6,11,113.79,10.34,0,0,0,4,Overseas
HE van der Dussen,22,2,25,0,0,0,3,7.33,88,8,0,0,0,0,Overseas
HF Gurney,1,0,5,7,169,239,8,0.12,20,0,8.49,34.14,24.14,0,Overseas
HH Gibbs,886,114,837,0,0,0,36,24.61,105.85,13.62,0,0,0,22,Overseas
HH Pandya,1972,257,1406,50,1103,1566,105,18.78,140.26,18.28,8.52,31.32,22.06,52,Indian
HM Amla,577,81,418,0,0,0,16,36.06,138.04,19.38,0,0,0,0,Overseas
HR Shokeen,43,5,48,2,94,130,5,8.6,89.58,10.42,8.3,65,47,2,Indian
HV Patel,230,28,189,97,1665,2262,77,2.99,121.69,14.81,8.15,23.32,17.16,16,Indian
Harbhajan Singh,833,121,636,150,3496,4101,163,5.11,130.97,19.03,7.04,27.34,23.31,38,Indian
Harmeet Singh,18,3,12,27,574,747,28,0.64,150,25,7.81,27.67,21.26,3,Indian
Harpreet Brar,106,11,100,9,296,379,15,7.07,106,11,7.68,42.11,32.89,5,Indian
Harpreet Singh,20,0,26,0,0,0,3,6.67,76.92,0,0,0,0,2,Indian
Harshit Rana,2,0,2,1,31,52,2,1,100,0,10.06,51.99,31,0,Indian
I Malhotra,7,1,4,0,6,23,1,7,175,25,23,230000,60000,0,Indian
I Sharma,55,6,62,72,2090,2779,93,0.59,88.71,9.68,7.98,38.6,29.03,16,Indian
I Udana,15,2,11,8,182,286,10,1.5,136.36,18.18,9.43,35.75,22.75,3,Overseas
IC Pandey,0,0,2,18,469,609,24,0,0,0,7.79,33.83,26.06,6,Indian
IK Pathan,1150,126,985,80,2113,2711,102,11.27,116.75,12.79,7.7,33.89,26.41,28,Indian
IR Jaggi,76,6,100,0,0,0,7,10.86,76,6,0,0,0,2,Indian
IS Sodhi,7,0,18,9,182,204,8,0.88,38.89,0,6.73,22.67,20.22,0,Overseas
Imran Tahir,33,5,37,82,1340,1729,59,0.56,89.19,13.51,7.74,21.09,16.34,8,Overseas
Iqbal Abdulla,88,10,86,40,943,1125,48,1.83,102.33,11.63,7.16,28.12,23.57,12,Indian
Ishan Kishan,1870,251,1444,0,0,0,70,26.71,129.5,17.38,0,0,0,33,Indian
J Arunkumar,23,5,24,0,0,0,3,7.67,95.83,20.83,0,0,0,0,Indian
J Botha,409,44,364,25,709,818,34,12.03,112.36,12.09,6.92,32.72,28.36,16,Overseas
J Suchith,70,9,62,19,434,604,21,3.33,112.9,14.52,8.35,31.79,22.84,17,Indian
J Syed Mohammad,29,4,27,8,196,286,11,2.64,107.41,14.81,8.76,35.75,24.5,1,Indian
J Theron,10,1,13,11,235,311,10,1,76.92,7.69,7.94,28.27,21.36,1,Overseas
J Yadav,40,3,38,8,374,421,19,2.11,105.26,7.89,6.75,52.62,46.75,5,Indian
JA Morkel,975,116,712,85,1807,2409,90,10.83,136.94,16.29,8,28.34,21.26,17,Overseas
JA Richardson,15,2,25,3,69,122,3,5,60,8,10.61,40.67,23,1,Overseas
JC Archer,195,25,128,46,858,1008,35,5.57,152.34,19.53,7.05,21.91,18.65,7,Overseas
JC Buttler,2832,413,1955,0,0,0,81,34.96,144.86,21.13,0,0,0,43,Overseas
JD Ryder,604,88,466,8,241,314,29,20.83,129.61,18.88,7.82,39.25,30.12,10,Overseas
JD Unadkat,164,19,136,91,1942,2806,90,1.82,120.59,13.97,8.67,30.84,21.34,19,Indian
JDP Oram,106,11,110,9,244,362,15,7.07,96.36,10,8.9,40.22,27.11,7,Overseas
JDS Neesham,92,8,93,8,222,342,14,6.57,98.92,8.6,9.24,42.75,27.75,2,Overseas
JE Taylor,3,0,4,6,122,167,5,0.6,75,0,8.21,27.83,20.33,0,Overseas
JEC Franklin,327,34,309,9,155,225,19,17.21,105.83,11,8.71,25,17.22,6,Overseas
JH Kallis,2427,299,2291,65,1799,2348,98,24.77,105.94,13.05,7.83,36.12,27.68,30,Overseas
JJ Bumrah,56,5,68,148,2857,3499,120,0.47,82.35,7.35,7.35,23.64,19.3,11,Indian
JJ Roy,329,48,264,0,0,0,13,25.31,124.62,18.18,0,0,0,8,Overseas
JJ van der Wath,18,2,17,3,76,134,3,6,105.88,11.76,10.58,44.67,25.33,0,Overseas
JL Denly,0,0,1,0,0,0,1,0,0,0,0,0,0,0,Overseas
JL Pattinson,15,2,13,11,222,321,10,1.5,115.38,15.38,8.68,29.18,20.18,2,Overseas
JM Bairstow,1291,188,935,0,0,0,39,33.1,138.07,20.11,0,0,0,20,Overseas
JM Kemp,26,2,25,3,47,58,5,5.2,104,8,7.4,19.33,15.67,1,Overseas
JM Sharma,234,34,149,0,0,0,10,23.4,157.05,22.82,0,0,0,9,Indian
JO Holder,247,30,205,49,873,1199,38,6.5,120.49,14.63,8.24,24.47,17.82,11,Overseas
JP Duminy,2029,205,1680,23,701,847,79,25.68,120.77,12.2,7.25,36.83,30.48,30,Overseas
JP Faulkner,527,59,406,61,1287,1849,60,8.78,129.8,14.53,8.62,30.31,21.1,16,Overseas
JPR Scantlebury-Searles,8,1,6,2,45,89,3,2.67,133.33,16.67,11.87,44.5,22.5,4,Overseas
JR Hazlewood,18,1,27,32,565,754,24,0.75,66.67,3.7,8.01,23.56,17.66,1,Overseas
JR Hopes,417,60,314,14,369,562,20,20.85,132.8,19.11,9.14,40.14,26.36,5,Overseas
JR Philippe,78,10,80,0,0,0,5,15.6,97.5,12.5,0,0,0,0,Overseas
Jaskaran Singh,8,0,11,6,111,174,7,1.14,72.73,0,9.41,29,18.5,0,Indian
Joginder Sharma,36,3,30,12,272,421,16,2.25,120,10,9.29,35.08,22.67,5,Indian
K Goel,218,26,239,0,67,94,16,13.62,91.21,10.88,8.42,940000,670000,9,Indian
K Gowtham,186,25,115,18,486,677,28,6.64,161.74,21.74,8.36,37.61,27,14,Indian
K Kartikeya,3,0,6,5,78,103,4,0.75,50,0,7.92,20.6,15.6,0,Indian
K Rabada,186,22,188,102,1498,2023,63,2.95,98.94,11.7,8.1,19.83,14.69,21,Overseas
K Upadhyay,12,1,9,0,56,81,3,4,133.33,11.11,8.68,810000,560000,1,Indian
K Yadav,0,0,4,0,12,17,1,0,0,0,8.5,170000,120000,0,Indian
KA Jamieson,65,8,55,9,179,271,9,7.22,118.18,14.55,9.08,30.11,19.89,2,Overseas
KA Pollard,3437,445,2447,69,1586,2200,179,19.2,140.46,18.19,8.32,31.88,22.99,97,Overseas
KAJ Roach,10,1,9,0,52,80,2,5,111.11,11.11,9.23,800000,520000,1,Overseas
KB Arun Karthik,51,5,53,0,0,0,8,6.38,96.23,9.43,0,0,0,12,Overseas
KC Cariappa,24,2,21,8,224,349,11,2.18,114.29,9.52,9.35,43.62,28,2,Indian
KC Sangakkara,1687,222,1424,0,0,0,68,24.81,118.47,15.59,0,0,0,45,Overseas
KD Karthik,4377,560,3386,0,0,0,207,21.14,129.27,16.54,0,0,0,133,Indian
KH Pandya,1326,171,1003,61,1725,2066,98,13.53,132.2,17.05,7.19,33.87,28.28,30,Indian
KJ Abbott,13,1,8,2,102,182,5,2.6,162.5,12.5,10.71,91,51,0,Overseas
KK Ahmed,1,0,7,48,809,1116,34,0.03,14.29,0,8.28,23.25,16.85,1,Indian
KK Cooper,116,17,70,33,600,789,25,4.64,165.71,24.29,7.89,23.91,18.18,11,Overseas
KK Nair,1496,200,1192,0,0,0,68,22,125.5,16.78,0,0,0,26,Indian
KL Nagarkoti,22,1,34,5,185,287,12,1.83,64.71,2.94,9.31,57.4,37,9,Indian
KL Rahul,3895,491,2933,0,0,0,99,39.34,132.8,16.74,0,0,0,59,Indian
KM Jadhav,1196,141,1002,0,0,0,80,14.95,119.36,14.07,0,0,0,30,Indian
KMA Paul,18,2,26,9,180,239,8,2.25,69.23,7.69,7.97,26.56,20,6,Overseas
KMDN Kulasekara,5,1,3,5,107,122,5,1,166.67,33.33,6.84,24.4,21.4,3,Overseas
KP Appanna,2,0,4,9,222,291,13,0.15,50,0,7.86,32.33,24.67,3,Indian
KP Pietersen,1001,131,758,7,180,218,36,27.81,132.06,17.28,7.27,31.14,25.71,12,Overseas
KR Sen,0,0,3,8,157,240,7,0,0,0,9.17,30,19.62,2,Indian
KS Bharat,199,20,168,0,0,0,8,24.88,118.45,11.9,0,0,0,4,Indian
KS Sharma,4,1,4,0,0,0,1,4,100,25,0,0,0,0,Indian
KS Williamson,2105,247,1707,0,18,31,74,28.45,123.32,14.47,10.33,310000,180000,39,Overseas
KV Sharma,317,32,285,59,1239,1645,67,4.73,111.23,11.23,7.97,27.88,21,12,Indian
KW Richardson,36,3,39,19,345,479,15,2.4,92.31,7.69,8.33,25.21,18.16,5,Overseas
Kamran Akmal,128,21,78,0,0,0,6,21.33,164.1,26.92,0,0,0,5,Overseas
Kamran Khan,3,0,5,10,177,248,9,0.33,60,0,8.41,24.8,17.7,4,Overseas
Karanveer Singh,12,1,17,12,213,323,9,1.33,70.59,5.88,9.1,26.92,17.75,2,Indian
Kartik Tyagi,13,1,16,14,388,576,16,0.81,81.25,6.25,8.91,41.14,27.71,3,Indian
Kuldeep Yadav,105,10,130,61,1219,1671,59,1.78,80.77,7.69,8.22,27.39,19.98,10,Indian
L Ablish,0,0,2,3,45,76,3,0,0,0,10.13,25.33,15,0,Indian
L Balaji,36,3,50,76,1574,2083,73,0.49,72,6,7.94,27.41,20.71,9,Indian
L Ronchi,34,7,37,0,0,0,5,6.8,91.89,18.92,0,0,0,4,Overseas
LA Carseldine,81,11,71,1,7,6,5,16.2,114.08,15.49,5.14,6,7,4,Overseas
LA Pomersbach,302,38,251,0,0,0,16,18.88,120.32,15.14,0,0,0,8,Overseas
LE Plunkett,1,0,3,4,154,228,7,0.14,33.33,0,8.88,57,38.5,2,Overseas
LH Ferguson,67,8,47,38,805,1093,35,1.91,142.55,17.02,8.15,28.76,21.18,5,Overseas
LJ Wright,106,19,63,2,75,125,7,15.14,168.25,30.16,10,62.5,37.5,2,Overseas
LMP Simmons,1079,153,878,1,18,34,29,37.21,122.89,17.43,11.33,34,18,10,Overseas
LPC Silva,40,6,27,0,6,21,3,13.33,148.15,22.22,21,210000,60000,3,Overseas
LR Shukla,405,49,358,15,326,458,43,9.42,113.13,13.69,8.43,30.53,21.73,15,Indian
LRPL Taylor,1017,112,847,0,13,24,54,18.83,120.07,13.22,11.08,240000,130000,18,Overseas
LS Livingstone,549,78,352,6,150,215,23,23.87,155.97,22.16,8.6,35.83,25,12,Overseas
Lalit Yadav,229,25,227,8,194,253,17,13.47,100.88,11.01,7.82,31.62,24.25,14,Indian
M Ashwin,35,3,50,35,873,1129,42,0.83,70,6,7.76,32.26,24.94,7,Indian
M Jansen,9,1,11,9,241,325,10,0.9,81.82,9.09,8.09,36.11,26.78,4,Overseas
M Kaif,259,28,258,0,0,0,22,11.77,100.39,10.85,0,0,0,16,Indian
M Kartik,113,8,109,31,1182,1418,55,2.05,103.67,7.34,7.2,45.74,38.13,18,Indian
M Klinger,73,9,78,0,0,0,4,18.25,93.59,11.54,0,0,0,0,Overseas
M Manhas,514,53,486,0,42,42,38,13.53,105.76,10.91,6,420000,420000,20,Indian
M Markande,27,3,30,17,365,522,20,1.35,90,10,8.58,30.71,21.47,5,Indian
M Morkel,126,16,93,77,1699,2136,70,1.8,135.48,17.2,7.54,27.74,22.06,11,Overseas
M Muralitharan,20,1,30,64,1581,1765,66,0.3,66.67,3.33,6.7,27.58,24.7,14,Overseas
M Ntini,11,2,19,7,213,257,9,1.22,57.89,10.53,7.24,36.71,30.43,1,Overseas
M Prasidh Krishna,9,0,24,50,1231,1741,51,0.18,37.5,0,8.49,34.82,24.62,9,Indian
M Rawat,55,5,70,0,0,0,11,5,78.57,7.14,0,0,0,16,Indian
M Shahrukh Khan,270,32,236,0,0,0,18,15,114.41,13.56,0,0,0,7,Indian
M Theekshana,7,1,7,12,212,267,9,0.78,100,14.29,7.56,22.25,17.67,0,Overseas
M Vijay,2619,338,2208,0,37,49,105,24.94,118.61,15.31,7.95,490000,370000,48,Indian
M Vohra,1073,146,852,0,0,0,50,21.46,125.94,17.14,0,0,0,13,Indian
M de Lange,1,0,2,5,116,171,5,0.2,50,0,8.84,34.2,23.2,0,Overseas
MA Agarwal,2335,319,1803,0,0,0,107,21.82,129.51,17.69,0,0,0,51,Indian
MA Khote,24,3,22,2,30,52,3,8,109.09,13.64,10.4,26,15,0,Overseas
MA Starc,96,10,98,34,612,725,26,3.69,97.96,10.2,7.11,21.32,18,16,Overseas
MA Wood,1,0,5,0,25,50,1,1,20,0,12,500000,250000,1,Overseas
MC Henriques,1000,115,801,42,979,1302,62,16.13,124.84,14.36,7.98,31,23.31,29,Overseas
MC Juneja,125,12,134,0,0,0,7,17.86,93.28,8.96,0,0,0,0,Indian
MD Mishra,237,32,213,0,0,0,17,13.94,111.27,15.02,0,0,0,1,Indian
MDKJ Perera,14,3,13,0,0,0,2,7,107.69,23.08,0,0,0,0,Overseas
MEK Hussey,1977,250,1648,0,0,0,58,34.09,119.96,15.17,0,0,0,26,Overseas
MF Maharoof,177,21,124,27,441,532,20,8.85,142.74,16.94,7.24,19.7,16.33,4,Overseas
MG Johnson,167,17,168,62,1301,1740,54,3.09,99.4,10.12,8.02,28.06,20.98,15,Overseas
MJ Clarke,98,12,96,2,66,72,6,16.33,102.08,12.5,6.55,36,33,1,Overseas
MJ Guptill,271,39,197,0,0,0,13,20.85,137.56,19.8,0,0,0,7,Overseas
MJ Lumb,278,51,198,0,0,0,12,23.17,140.4,25.76,0,0,0,5,Overseas
MJ McClenaghan,85,12,73,71,1346,1839,56,1.52,116.44,16.44,8.2,25.9,18.96,1,Overseas
MJ Santner,54,6,55,10,244,282,12,4.5,98.18,10.91,6.93,28.2,24.4,4,Overseas
MK Lomror,267,28,214,1,73,92,17,15.71,124.77,13.08,7.56,91.99,72.99,4,Indian
MK Pandey,3657,424,3106,0,0,0,148,24.71,117.74,13.65,0,0,0,78,Indian
MK Tiwary,1695,196,1489,1,45,83,85,19.94,113.83,13.16,11.07,82.99,45,47,Indian
ML Hayden,1107,165,839,0,0,0,32,34.59,131.94,19.67,0,0,0,11,Overseas
MM Ali,910,129,652,24,564,631,44,20.68,139.57,19.79,6.71,26.29,23.5,15,Overseas
MM Patel,39,5,41,74,1382,1733,63,0.62,95.12,12.2,7.52,23.42,18.68,12,Indian
MM Sharma,122,13,120,92,1795,2488,86,1.42,101.67,10.83,8.32,27.04,19.51,16,Indian
MN Samuels,161,16,174,9,219,285,15,10.73,92.53,9.2,7.81,31.67,24.33,2,Overseas
MN van Wyk,167,20,135,0,0,0,5,33.4,123.7,14.81,0,0,0,7,Overseas
MP Stoinis,1070,131,813,34,675,1072,67,15.97,131.61,16.11,9.53,31.53,19.85,16,Overseas
MR Marsh,476,56,394,24,407,528,29,16.41,120.81,14.21,7.78,22,16.96,7,Overseas
MS Bisla,798,116,737,0,0,0,39,20.46,108.28,15.74,0,0,0,20,Indian
MS Dhoni,4978,575,3802,0,0,0,205,24.28,130.93,15.12,0,0,0,135,Indian
MS Gony,99,14,76,37,925,1317,44,2.25,130.26,18.42,8.54,35.59,25,4,Indian
MS Wade,179,25,178,0,0,0,13,13.77,100.56,14.04,0,0,0,7,Overseas
MV Boucher,394,45,318,0,0,0,23,17.13,123.9,14.15,0,0,0,14,Overseas
Mandeep Singh,1692,213,1402,0,12,26,94,18,120.68,15.19,13,260000,120000,38,Indian
Mashrafe Mortaza,2,0,2,0,28,59,1,2,100,0,12.64,590000,280000,0,Overseas
Misbah-ul-Haq,117,16,82,0,0,0,8,14.62,142.68,19.51,0,0,0,1,Overseas
Mohammad Ashraful,2,0,12,0,0,0,1,2,16.67,0,0,0,0,2,Overseas
Mohammad Asif,3,0,6,8,199,307,8,0.38,50,0,9.26,38.37,24.87,0,Overseas
Mohammad Hafeez,64,9,84,2,63,71,8,8,76.19,10.71,6.76,35.5,31.5,1,Overseas
Mohammad Nabi,186,26,126,13,345,417,17,10.94,147.62,20.63,7.25,32.08,26.54,11,Overseas
Mohammed Shami,69,7,74,99,2118,2954,93,0.74,93.24,9.46,8.37,29.84,21.39,13,Indian
Mohammed Siraj,96,12,111,59,1402,1992,65,1.48,86.49,10.81,8.52,33.76,23.76,21,Indian
Mohsin Khan,23,3,19,14,206,202,9,2.56,121.05,15.79,5.88,14.43,14.71,1,Indian
Mujeeb Ur Rahman,12,2,15,19,452,598,19,0.63,80,13.33,7.94,31.47,23.79,2,Overseas
Mukesh Choudhary,6,1,6,16,291,425,13,0.46,100,16.67,8.76,26.56,18.19,3,Indian
Mustafizur Rahman,12,1,22,46,1086,1389,46,0.26,54.55,4.55,7.67,30.2,23.61,4,Overseas
N Jagadeesan,73,8,71,0,0,0,4,18.25,102.82,11.27,0,0,0,0,Indian
N Pooran,912,117,630,0,0,0,43,21.21,144.76,18.57,0,0,0,19,Overseas
N Rana,2181,301,1677,7,131,178,87,25.07,130.05,17.95,8.15,25.43,18.71,21,Indian
N Saini,140,16,143,0,0,0,10,14,97.9,11.19,0,0,0,11,Indian
ND Doshi,0,0,13,2,57,79,4,0,0,0,8.32,39.5,28.5,0,Indian
NJ Maddinson,20,4,21,0,0,0,3,6.67,95.24,19.05,0,0,0,1,Overseas
NJ Rimmington,1,0,1,0,18,20,1,1,100,0,6.67,200000,180000,0,Overseas
NK Patel,121,15,124,0,0,0,6,20.17,97.58,12.1,0,0,0,6,Indian
NL McCullum,26,1,23,0,30,35,2,13,113.04,4.35,7,350000,300000,1,Overseas
NLTC Perera,424,49,326,31,715,1031,37,11.46,130.06,15.03,8.65,33.26,23.06,13,Overseas
NM Coulter-Nile,82,11,75,48,892,1125,38,2.16,109.33,14.67,7.57,23.44,18.58,10,Overseas
NS Naik,31,2,53,0,0,0,4,7.75,58.49,3.77,0,0,0,3,Indian
NT Ellis,18,1,19,4,108,148,5,3.6,94.74,5.26,8.22,37,27,1,Overseas
NV Ojha,1554,200,1360,0,0,0,94,16.53,114.26,14.71,0,0,0,65,Indian
Navdeep Saini,33,3,38,21,657,928,30,1.1,86.84,7.89,8.47,44.19,31.29,8,Indian
OA Shah,506,57,405,0,0,0,22,23,124.94,14.07,0,0,0,7,Overseas
OC McCoy,8,1,5,11,173,242,7,1.14,160,20,8.39,22,15.73,1,Overseas
OF Smith,51,6,50,6,95,179,6,8.5,102,12,11.31,29.83,15.83,2,Overseas
P Awana,5,0,14,39,774,1046,33,0.15,35.71,0,8.11,26.82,19.85,4,Indian
P Chopra,8,2,6,0,0,0,1,8,133.33,33.33,0,0,0,1,Indian
P Dogra,127,9,141,0,0,0,12,10.58,90.07,6.38,0,0,0,5,Indian
P Dubey,7,0,13,0,48,72,3,2.33,53.85,0,9,720000,480000,1,Indian
P Kumar,340,39,323,90,2637,3342,119,2.86,105.26,12.07,7.6,37.13,29.3,13,Indian
P Negi,365,43,301,34,733,954,46,7.93,121.26,14.29,7.81,28.06,21.56,16,Indian
P Parameswaran,1,0,3,9,159,226,8,0.12,33.33,0,8.53,25.11,17.67,0,Indian
P Ray Barman,19,2,25,0,24,56,1,19,76,8,14,560000,240000,0,Overseas
P Sahu,19,2,13,3,107,152,5,3.8,146.15,15.38,8.52,50.66,35.67,0,Indian
P Simran Singh,64,8,67,0,0,0,6,10.67,95.52,11.94,0,0,0,2,Indian
PA Patel,2848,414,2442,0,0,0,136,20.94,116.63,16.95,0,0,0,69,Indian
PA Reddy,164,17,167,0,0,0,10,16.4,98.2,10.18,0,0,0,2,Indian
PBB Rajapaksa,206,29,137,0,0,0,9,22.89,150.36,21.17,0,0,0,4,Overseas
PC Valthaty,505,81,432,7,153,207,23,21.96,116.9,18.75,8.12,29.57,21.86,3,Indian
PD Collingwood,203,22,159,5,90,101,7,29,127.67,13.84,6.73,20.2,18,3,Overseas
PJ Cummins,379,50,260,45,995,1405,42,9.02,145.77,19.23,8.47,31.22,22.11,8,Overseas
PJ Sangwan,26,1,47,38,905,1267,42,0.62,55.32,2.13,8.4,33.34,23.82,8,Indian
PK Garg,251,24,224,0,0,0,17,14.76,112.05,10.71,0,0,0,11,Indian
PM Sarvesh Kumar,1,0,2,1,31,42,2,0.5,50,0,8.13,42,31,0,Indian
PN Mankad,4,1,1,0,0,0,1,4,400,100,0,0,0,1,Indian
PP Chawla,584,72,543,157,3309,4368,165,3.54,107.55,13.26,7.92,27.82,21.08,35,Indian
PP Ojha,16,0,45,89,1945,2399,90,0.18,35.56,0,7.4,26.96,21.85,14,Indian
PP Shaw,1588,247,1106,0,0,0,63,25.21,143.58,22.33,0,0,0,15,Indian
PR Shah,92,11,97,0,0,0,9,10.22,94.85,11.34,0,0,0,10,Indian
PSP Handscomb,6,0,12,0,0,0,1,6,50,0,0,0,0,0,Overseas
PV Tambe,18,1,39,28,674,866,33,0.55,46.15,2.56,7.71,30.93,24.07,1,Indian
PVD Chameera,43,6,32,9,278,393,12,3.58,134.38,18.75,8.48,43.67,30.89,2,Overseas
PWH de Silva,39,5,50,26,382,499,18,2.17,78,10,7.84,19.19,14.69,1,Overseas
Pankaj Singh,7,0,12,11,311,472,17,0.41,58.33,0,9.11,42.91,28.27,2,Indian
Parvez Rasool,17,1,20,4,200,273,11,1.55,85,5,8.19,68.25,50,3,Indian
Q de Kock,2767,383,2113,0,0,0,92,30.08,130.95,18.13,0,0,0,65,Overseas
R Ashwin,647,72,567,157,4024,4596,181,3.57,114.11,12.7,6.85,29.27,25.63,36,Indian
R Bhatia,342,37,290,71,1661,2059,94,3.64,117.93,12.76,7.44,29,23.39,23,Indian
R Bishnoi,19,3,17,0,0,0,3,6.33,111.76,17.65,0,0,0,1,Indian
R Dhawan,190,23,176,24,632,819,31,6.13,107.95,13.07,7.78,34.12,26.33,10,Indian
R Dravid,2174,297,1918,0,0,0,82,26.51,113.35,15.48,0,0,0,18,Indian
R McLaren,159,15,178,12,372,558,18,8.83,89.33,8.43,9,46.5,31,5,Overseas
R Ninan,3,0,6,3,36,65,2,1.5,50,0,10.83,21.67,12,1,Overseas
R Parag,522,62,434,4,162,280,40,13.05,120.28,14.29,10.37,70,40.5,29,Indian
R Powell,250,32,174,0,7,17,12,20.83,143.68,18.39,14.57,170000,70000,11,Overseas
R Rampaul,51,5,52,16,278,319,12,4.25,98.08,9.62,6.88,19.94,17.37,4,Overseas
R Sanjay Yadav,0,0,2,0,14,23,1,0,0,0,9.86,230000,140000,0,Indian
R Sathish,270,28,236,3,144,233,27,10,114.41,11.86,9.71,77.66,48,8,Indian
R Sharma,66,8,77,40,935,1100,44,1.5,85.71,10.39,7.06,27.5,23.37,10,Indian
R Shepherd,58,7,43,3,57,98,3,19.33,134.88,16.28,10.32,32.67,19,0,Overseas
R Shukla,19,2,23,5,130,217,7,2.71,82.61,8.7,10.02,43.4,26,3,Indian
R Tewatia,738,92,588,32,852,1102,60,12.3,125.51,15.65,7.76,34.44,26.62,27,Indian
R Vinay Kumar,310,30,289,105,2186,3041,104,2.98,107.27,10.38,8.35,28.96,20.82,32,Indian
RA Bawa,11,1,14,0,0,0,2,5.5,78.57,7.14,0,0,0,0,Indian
RA Jadeja,2502,272,2049,132,3262,4114,202,12.39,122.11,13.27,7.57,31.17,24.71,84,Indian
RA Tripathi,1798,244,1312,0,6,12,74,24.3,137.04,18.6,12,120000,60000,29,Indian
RD Chahar,108,14,102,57,1207,1497,54,2,105.88,13.73,7.44,26.26,21.18,14,Indian
RD Gaikwad,1207,156,945,0,0,0,36,33.53,127.72,16.51,0,0,0,14,Indian
RE Levi,83,14,74,0,0,0,6,13.83,112.16,18.92,0,0,0,2,Overseas
RE van der Merwe,159,19,144,21,455,515,21,7.57,110.42,13.19,6.79,24.52,21.67,6,Overseas
RG More,2,0,2,1,37,63,2,1,100,0,10.22,62.99,37,1,Overseas
RG Sharma,5881,760,4632,15,349,462,221,26.61,126.96,16.41,7.94,30.8,23.27,96,Indian
RJ Harris,117,9,112,45,865,1085,37,3.16,104.46,8.04,7.53,24.11,19.22,18,Overseas
RJ Peterson,32,4,32,3,48,70,5,6.4,100,12.5,8.75,23.33,16,1,Overseas
RJ Quiney,103,15,105,0,0,0,7,14.71,98.1,14.29,0,0,0,2,Overseas
RK Bhui,7,0,18,0,0,0,2,3.5,38.89,0,0,0,0,0,Indian
RK Singh,251,32,204,0,0,0,15,16.73,123.04,15.69,0,0,0,17,Indian
RM Patidar,404,51,297,0,0,0,11,36.73,136.03,17.17,0,0,0,5,Indian
RN ten Doeschate,326,41,238,2,83,94,23,14.17,136.97,17.23,6.8,47,41.5,7,Overseas
RP Meredith,0,0,1,12,289,412,13,0,0,0,8.55,34.33,24.08,1,Overseas
RP Singh,52,3,78,90,1874,2417,82,0.63,66.67,3.85,7.74,26.86,20.82,27,Indian
RR Bhatkal,0,0,2,0,12,35,1,0,0,0,17.5,350000,120000,1,Indian
RR Pant,2851,391,2000,0,0,0,97,29.39,142.55,19.55,0,0,0,64,Indian
RR Powar,67,7,64,13,443,538,26,2.58,104.69,10.94,7.29,41.38,34.08,5,Indian
RR Raje,20,2,18,6,144,214,10,2,111.11,11.11,8.92,35.67,24,3,Indian
RR Rossouw,53,6,51,0,0,0,5,10.6,103.92,11.76,0,0,0,3,Overseas
RR Sarwan,73,7,78,0,0,0,4,18.25,93.59,8.97,0,0,0,1,Overseas
RS Bopara,531,55,468,11,213,301,24,22.12,113.46,11.75,8.48,27.36,19.36,4,Overseas
RS Gavaskar,2,0,8,0,6,8,2,1,25,0,8,80000,60000,0,Indian
RS Sodhi,4,1,2,0,0,0,1,4,200,50,0,0,0,2,Overseas
RT Ponting,91,7,129,0,0,0,9,10.11,70.54,5.43,0,0,0,4,Overseas
RV Gomez,50,6,53,5,97,130,13,3.85,94.34,11.32,8.04,26,19.4,3,Overseas
RV Patel,31,4,32,0,20,22,3,10.33,96.88,12.5,6.6,220000,200000,2,Indian
RV Uthappa,4954,663,3927,0,0,0,197,25.15,126.15,16.88,0,0,0,92,Indian
Ramandeep Singh,45,4,42,6,41,55,5,9,107.14,9.52,8.05,9.17,6.83,0,Indian
Rashid Khan,313,42,214,112,2232,2411,92,3.4,146.26,19.63,6.48,21.53,19.93,26,Overseas
Rasikh Salam,12,1,10,0,51,70,3,4,120,10,8.24,700000,510000,1,Indian
Ravi Bishnoi,8,1,18,37,878,1083,37,0.22,44.44,5.56,7.4,29.27,23.73,7,Indian
S Anirudha,136,16,121,0,0,0,12,11.33,112.4,13.22,0,0,0,11,Indian
S Aravind,59,7,59,45,788,1057,38,1.55,100,11.86,8.05,23.49,17.51,5,Indian
S Badree,13,0,25,11,263,329,12,1.08,52,0,7.51,29.91,23.91,2,Overseas
S Badrinath,1441,182,1245,0,0,0,65,22.17,115.74,14.62,0,0,0,16,Indian
S Chanderpaul,25,4,33,0,0,0,3,8.33,75.76,12.12,0,0,0,0,Overseas
S Dhawan,6244,838,5083,4,49,72,205,30.46,122.84,16.49,8.82,18,12.25,93,Indian
S Dube,688,84,541,4,111,176,34,20.24,127.17,15.53,9.51,44,27.75,11,Indian
S Gopal,180,21,173,49,958,1291,48,3.75,104.05,12.14,8.09,26.35,19.55,5,Indian
S Kaul,20,1,36,58,1238,1772,55,0.36,55.56,2.78,8.59,30.55,21.34,8,Indian
S Kaushik,0,0,1,6,210,304,10,0,0,0,8.69,50.67,35,0,Indian
S Ladda,0,0,10,5,141,225,9,0,0,0,9.57,45,28.2,1,Indian
S Lamichhane,0,0,1,13,211,297,9,0,0,0,8.45,22.85,16.23,1,Overseas
S Nadeem,39,2,88,48,1444,1800,71,0.55,44.32,2.27,7.48,37.5,30.08,11,Indian
S Narwal,37,6,29,5,113,203,7,5.29,127.59,20.69,10.78,40.6,22.6,1,Indian
S Rana,91,10,82,0,16,18,8,11.38,110.98,12.2,6.75,180000,160000,3,Indian
S Randiv,2,0,4,6,180,223,8,0.25,50,0,7.43,37.17,30,2,Overseas
S Sohal,368,52,311,0,0,0,20,18.4,118.33,16.72,0,0,0,2,Indian
S Sreesanth,34,6,57,40,947,1221,44,0.77,59.65,10.53,7.74,30.52,23.67,3,Indian
S Sriram,31,3,38,0,18,49,2,15.5,81.58,7.89,16.33,490000,180000,0,Indian
S Tyagi,3,0,4,6,220,304,14,0.21,75,0,8.29,50.67,36.67,3,Indian
S Vidyut,145,24,115,1,13,22,8,18.12,126.09,20.87,10.15,22,13,1,Indian
SA Abbott,22,3,18,1,59,104,3,7.33,122.22,16.67,10.58,103.99,58.99,0,Overseas
SA Asnodkar,423,66,352,0,0,0,19,22.26,120.17,18.75,0,0,0,6,Indian
SA Yadav,2644,368,1973,0,6,8,109,24.26,134.01,18.65,8,80000,60000,58,Overseas
SB Bangar,49,4,58,4,153,221,10,4.9,84.48,6.9,8.67,55.25,38.25,2,Indian
SB Jakati,28,3,30,47,1101,1474,57,0.49,93.33,10,8.03,31.36,23.43,19,Indian
SB Joshi,6,0,16,1,55,82,4,1.5,37.5,0,8.95,81.99,54.99,0,Indian
SB Styris,131,13,134,8,222,278,12,10.92,97.76,9.7,7.51,34.75,27.75,2,Overseas
SB Wagh,2,0,3,5,108,147,8,0.25,66.67,0,8.17,29.4,21.6,1,Overseas
SC Ganguly,1349,179,1326,10,280,370,57,23.67,101.73,13.5,7.93,37,28,22,Indian
SD Chitnis,99,12,92,2,38,62,9,11,107.61,13.04,9.79,31,19,2,Indian
SD Lad,15,2,13,0,0,0,1,15,115.38,15.38,0,0,0,0,Indian
SE Bond,1,0,2,9,191,225,8,0.12,50,0,7.07,25,21.22,0,Overseas
SE Marsh,2489,347,1913,0,0,0,69,36.07,130.11,18.14,0,0,0,26,Overseas
SE Rutherford,106,11,107,1,46,60,9,11.78,99.07,10.28,7.83,59.99,46,5,Overseas
SJ Srivastava,5,0,5,14,306,444,14,0.36,100,0,8.71,31.71,21.86,2,Indian
SK Raina,5536,710,4177,25,930,1139,200,27.68,132.54,17,7.35,45.56,37.2,106,Indian
SK Trivedi,42,4,61,65,1557,1944,76,0.55,68.85,6.56,7.49,29.91,23.95,12,Indian
SK Warne,198,20,219,57,1223,1465,55,3.6,90.41,9.13,7.19,25.7,21.46,11,Overseas
SL Malinga,88,11,103,170,2974,3486,122,0.72,85.44,10.68,7.03,20.51,17.49,15,Overseas
SM Curran,337,48,230,32,681,1005,32,10.53,146.52,20.87,8.85,31.41,21.28,9,Overseas
SM Harwood,9,0,14,3,67,74,3,3,64.29,0,6.63,24.67,22.33,2,Overseas
SM Katich,241,34,191,0,0,0,11,21.91,126.18,17.8,0,0,0,2,Overseas
SM Pollock,147,20,116,11,280,307,13,11.31,126.72,17.24,6.58,27.91,25.45,2,Overseas
SMSM Senanayake,10,0,17,9,195,211,8,1.25,58.82,0,6.49,23.44,21.67,2,Overseas
SN Khan,532,72,394,0,2,6,32,16.62,135.03,18.27,18,60000,20000,8,Indian
SN Thakur,173,20,138,82,1650,2371,74,2.34,125.36,14.49,8.62,28.91,20.12,21,Indian
SO Hetmyer,831,107,577,0,0,0,43,19.33,144.02,18.54,0,0,0,17,Overseas
SP Fleming,196,30,171,0,0,0,10,19.6,114.62,17.54,0,0,0,2,Overseas
SP Goswami,293,35,307,0,0,0,21,13.95,95.44,11.4,0,0,0,18,Indian
SP Jackson,61,6,57,0,0,0,8,7.62,107.02,10.53,0,0,0,7,Indian
SP Narine,1025,175,664,152,3516,3907,148,6.93,154.37,26.36,6.67,25.7,23.13,16,Overseas
SPD Smith,2495,286,1999,0,2,5,93,26.83,124.81,14.31,15,50000,20000,54,Overseas
SR Tendulkar,2334,325,2044,0,37,59,78,29.92,114.19,15.9,9.57,590000,370000,23,Indian
SR Watson,3880,567,2892,92,2137,2742,145,26.76,134.16,19.61,7.7,29.8,23.23,38,Overseas
SS Cottrell,0,0,2,6,131,177,6,0,0,0,8.11,29.5,21.83,0,Overseas
SS Iyer,2780,337,2295,0,6,7,100,27.8,121.13,14.68,7,70000,60000,39,Indian
SS Prabhudessai,67,9,62,0,0,0,5,13.4,108.06,14.52,0,0,0,5,Indian
SS Shaikh,6,1,7,0,0,0,1,6,85.71,14.29,0,0,0,2,Indian
SS Tiwary,1494,161,1291,0,0,0,73,20.47,115.72,12.47,0,0,0,25,Indian
ST Jayasuriya,768,123,573,13,301,396,30,25.6,134.03,21.47,7.89,30.46,23.15,4,Overseas
STR Binny,880,101,700,22,611,763,86,10.23,125.71,14.43,7.49,34.68,27.77,19,Indian
SV Samson,3526,437,2663,0,0,0,133,26.51,132.41,16.41,0,0,0,73,Indian
SW Billings,503,60,399,0,0,0,27,18.63,126.07,15.04,0,0,0,19,Overseas
SW Tait,23,2,26,23,534,668,21,1.1,88.46,7.69,7.51,29.04,23.22,5,Overseas
Sachin Baby,144,16,123,2,10,8,13,11.08,117.07,13.01,4.8,4,5,5,Indian
Salman Butt,193,32,172,0,0,0,7,27.57,112.21,18.6,0,0,0,2,Overseas
Sandeep Sharma,52,4,66,114,2399,3046,104,0.5,78.79,6.06,7.62,26.72,21.04,10,Indian
Shahbaz Ahmed,279,29,253,13,341,478,26,10.73,110.28,11.46,8.41,36.77,26.23,12,Indian
Shahid Afridi,81,13,46,9,185,237,10,8.1,176.09,28.26,7.69,26.33,20.56,4,Overseas
Shakib Al Hasan,795,94,665,63,1515,1864,71,11.2,119.55,14.14,7.38,29.59,24.05,13,Overseas
Shashank Singh,69,9,47,0,13,20,6,11.5,146.81,19.15,9.23,200000,130000,3,Indian
Shivam Mavi,51,6,58,30,687,958,32,1.59,87.93,10.34,8.37,31.93,22.9,16,Indian
Shivam Sharma,5,1,3,4,114,165,5,1,166.67,33.33,8.68,41.25,28.5,1,Indian
Shoaib Ahmed,1,0,6,5,103,154,7,0.14,16.67,0,8.97,30.8,20.6,4,Overseas
Shoaib Akhtar,2,0,8,5,46,54,3,0.67,25,0,7.04,10.8,9.2,0,Overseas
Shoaib Malik,52,5,49,2,58,87,6,8.67,106.12,10.2,9,43.5,29,6,Overseas
Shubman Gill,1900,235,1555,0,0,0,70,27.14,122.19,15.11,0,0,0,30,Indian
Simarjeet Singh,7,0,8,4,113,143,6,1.17,87.5,0,7.59,35.75,28.25,1,Indian
Sohail Tanvir,36,4,31,22,265,275,11,3.27,116.13,12.9,6.23,12.5,12.05,4,Overseas
Sunny Gupta,0,0,1,0,19,47,1,0,0,0,14.84,470000,190000,0,Indian
Sunny Singh,43,7,31,0,0,0,5,8.6,138.71,22.58,0,0,0,1,Indian
Swapnil Singh,12,0,20,1,61,90,5,2.4,60,0,8.85,89.99,60.99,0,Indian
T Banton,18,2,22,0,0,0,2,9,81.82,9.09,0,0,0,0,Overseas
T Henderson,11,1,16,1,36,41,2,5.5,68.75,6.25,6.83,41,36,0,Overseas
T Kohli,11,1,20,0,0,0,3,3.67,55,5,0,0,0,5,Indian
T Natarajan,3,0,5,38,793,1116,35,0.09,60,0,8.44,29.37,20.87,3,Indian
T Shamsi,2,0,4,3,120,185,5,0.4,50,0,9.25,61.66,40,0,Overseas
T Stubbs,2,0,4,0,0,0,2,1,50,0,0,0,0,0,Overseas
T Taibu,31,3,26,0,0,0,3,10.33,119.23,11.54,0,0,0,1,Overseas
T Thushara,12,0,19,8,144,164,6,2,63.16,0,6.83,20.5,18,3,Overseas
TA Boult,53,4,49,92,1860,2522,78,0.68,108.16,8.16,8.14,27.41,20.22,24,Overseas
TD Paine,10,0,29,0,0,0,2,5,34.48,0,0,0,0,0,Overseas
TG Southee,120,12,108,45,1226,1695,52,2.31,111.11,11.11,8.3,37.67,27.24,21,Overseas
TH David,187,28,94,0,0,0,9,20.78,198.94,29.79,0,0,0,6,Overseas
TK Curran,127,13,108,13,252,432,13,9.77,117.59,12.04,10.29,33.23,19.38,2,Overseas
TL Seifert,26,4,26,0,0,0,3,8.67,100,15.38,0,0,0,1,Overseas
TL Suman,676,81,587,6,152,198,40,16.9,115.16,13.8,7.82,33,25.33,10,Indian
TM Dilshan,1153,164,1047,5,275,368,50,23.06,110.12,15.66,8.03,73.6,55,21,Overseas
TM Head,205,20,151,2,48,81,10,20.5,135.76,13.25,10.12,40.5,24,3,Overseas
TM Srivastava,8,0,11,0,0,0,3,2.67,72.73,0,0,0,0,2,Indian
TR Birt,75,11,59,0,0,0,5,15,127.12,18.64,0,0,0,0,Indian
TS Mills,8,1,14,11,218,349,10,0.8,57.14,7.14,9.61,31.73,19.82,1,Overseas
TU Deshpande,21,3,12,4,153,260,7,3,175,25,10.2,65,38.25,2,Indian
Tilak Varma,397,45,313,0,12,13,14,28.36,126.84,14.38,6.5,130000,120000,10,Indian
U Kaul,0,0,1,0,0,0,1,0,0,0,0,0,0,2,Indian
UA Birla,7,1,15,0,0,0,1,7,46.67,6.67,0,0,0,1,Indian
UBT Chand,300,41,314,0,0,0,20,15,95.54,13.06,0,0,0,9,Indian
UT Khawaja,127,17,105,0,0,0,6,21.17,120.95,16.19,0,0,0,1,Overseas
UT Yadav,177,23,176,135,2945,4041,132,1.34,100.57,13.07,8.23,29.93,21.81,32,Indian
Umar Gul,39,6,19,12,153,198,6,6.5,205.26,31.58,7.76,16.5,12.75,0,Overseas
Umran Malik,4,0,8,24,388,551,17,0.24,50,0,8.52,22.96,16.17,3,Indian
V Kohli,6634,800,5266,4,264,371,216,30.71,125.98,15.19,8.43,92.75,66,93,Indian
V Pratap Singh,0,0,1,10,211,300,9,0,0,0,8.53,30,21.1,0,Indian
V Sehwag,2728,440,1833,6,138,236,104,26.23,148.83,24,10.26,39.33,23,34,Indian
V Shankar,731,74,616,9,258,344,47,15.55,118.67,12.01,8,38.22,28.67,27,Indian
VG Arora,5,0,14,3,110,165,5,1,35.71,0,9,55,36.67,1,Indian
VH Zol,29,4,26,0,0,0,2,14.5,111.54,15.38,0,0,0,0,Indian
VR Aaron,50,4,73,44,1065,1527,50,1,68.49,5.48,8.6,34.7,24.2,3,Indian
VR Iyer,552,75,474,3,78,117,22,25.09,116.46,15.82,9,39,26,11,Indian
VRV Singh,4,1,3,12,371,549,18,0.22,133.33,33.33,8.88,45.75,30.92,3,Indian
VS Malik,7,1,7,6,212,268,13,0.54,100,14.29,7.58,44.67,35.33,2,Indian
VS Yeligati,2,0,2,0,32,61,2,1,100,0,11.44,610000,320000,0,Indian
VVS Laxman,282,38,271,0,0,0,20,14.1,104.06,14.02,0,0,0,4,Indian
VY Mahesh,15,0,28,21,359,511,17,0.88,53.57,0,8.54,24.33,17.1,6,Indian
Virat Singh,15,1,26,0,0,0,2,7.5,57.69,3.85,0,0,0,2,Indian
Vishnu Vinod,19,2,26,0,0,0,3,6.33,73.08,7.69,0,0,0,0,Indian
W Jaffer,130,17,129,0,0,0,8,16.25,100.78,13.18,0,0,0,4,Indian
WA Mota,56,2,76,4,75,98,10,5.6,73.68,2.63,7.84,24.5,18.75,5,Indian
WD Parnell,63,5,80,26,601,731,26,2.42,78.75,6.25,7.3,28.12,23.12,6,Overseas
WP Saha,2427,307,1951,0,0,0,117,20.74,124.4,15.74,0,0,0,79,Indian
WPUJC Vaas,81,5,73,18,288,364,13,6.23,110.96,6.85,7.58,20.22,16,0,Overseas
Washington Sundar,318,35,278,33,928,1116,50,6.36,114.39,12.59,7.22,33.82,28.12,9,Indian
X Thalaivan Sargunam,10,0,17,0,0,0,1,10,58.82,0,0,0,0,0,Indian
Y Gnaneswara Rao,19,3,18,0,6,7,2,9.5,105.56,16.67,7,70000,60000,2,Indian
Y Nagar,285,29,271,4,72,125,20,14.25,105.17,10.7,10.42,31.25,18,7,Indian
Y Prithvi Raj,0,0,1,1,33,57,2,0,0,0,10.36,56.99,33,0,Indian
Y Venugopal Rao,985,114,865,6,222,338,57,17.28,113.87,13.18,9.14,56.33,37,13,Indian
YA Abdulla,0,0,1,15,222,311,11,0,0,0,8.41,20.73,14.8,0,Indian
YBK Jaiswal,547,84,410,0,1,6,23,23.78,133.41,20.49,36,60000,10000,6,Indian
YK Pathan,3222,424,2334,42,1184,1443,161,20.01,138.05,18.17,7.31,34.36,28.19,41,Indian
YS Chahal,37,0,89,166,2940,3699,130,0.28,41.57,0,7.55,22.28,17.71,21,Indian
YV Takawale,192,29,183,0,0,0,10,19.2,104.92,15.85,0,0,0,13,Indian
Yash Dayal,0,0,1,11,205,296,9,0,0,0,8.66,26.91,18.64,1,Indian
Yashpal Singh,47,5,67,0,0,0,4,11.75,70.15,7.46,0,0,0,3,Indian
Younis Khan,3,0,7,0,0,0,1,3,42.86,0,0,0,0,1,Overseas
Yuvraj Singh,2754,367,2207,36,882,1091,129,21.35,124.78,16.63,7.42,30.31,24.5,29,Indian
Z Khan,117,13,13,102,2276,2860,99,1.18,82.98,9.22,7.54,28.04,22.31,20,Indian
